-- MySQL Script generated by MySQL Workbench
-- Wed Apr 18 13:33:23 2018
-- Model: New Model    Version: 1.0
-- MySQL Workbench Forward Engineering

SET @OLD_UNIQUE_CHECKS=@@UNIQUE_CHECKS, UNIQUE_CHECKS=0;
SET @OLD_FOREIGN_KEY_CHECKS=@@FOREIGN_KEY_CHECKS, FOREIGN_KEY_CHECKS=0;
SET @OLD_SQL_MODE=@@SQL_MODE, SQL_MODE='TRADITIONAL,ALLOW_INVALID_DATES';

-- -----------------------------------------------------
-- Schema mydb
-- -----------------------------------------------------

-- -----------------------------------------------------
-- Schema mydb
-- -----------------------------------------------------
CREATE SCHEMA IF NOT EXISTS `mydb` DEFAULT CHARACTER SET utf8 ;
USE `mydb` ;

-- -----------------------------------------------------
-- Table `tb_imoveis`
-- -----------------------------------------------------
DROP TABLE IF EXISTS `tb_imoveis` ;

CREATE TABLE IF NOT EXISTS `tb_imoveis` (
  `id_imovel` INT NOT NULL AUTO_INCREMENT,
  `Codigo_imovel` INT NOT NULL,
  `valor_imovel` DECIMAL(10,2) NOT NULL,
  `valor_venda` DECIMAL(10,2) NOT NULL,
  `aluguel` TINYINT NOT NULL,
  `venda` TINYINT NOT NULL,
  `tipo_imovel` VARCHAR(45) NOT NULL,
  PRIMARY KEY (`id_imovel`))
ENGINE = InnoDB;


-- -----------------------------------------------------
-- Table `tb_endereco_imoveis`
-- -----------------------------------------------------
DROP TABLE IF EXISTS `tb_endereco_imoveis` ;

CREATE TABLE IF NOT EXISTS `tb_endereco_imoveis` (
  `id_endereco_imoveis` INT NOT NULL AUTO_INCREMENT,
  `cidade` VARCHAR(45) NOT NULL,
  `bairro` VARCHAR(45) NOT NULL,
  `rua` VARCHAR(45) NOT NULL,
  `numero` VARCHAR(12) NOT NULL,
  `complemento` VARCHAR(45) NULL,
  `tb_imoveis_id_imovel` INT NOT NULL,
  PRIMARY KEY (`id_endereco_imoveis`),
  CONSTRAINT `fk_tb_endereco_imoveis_tb_imoveis1`
    FOREIGN KEY (`tb_imoveis_id_imovel`)
    REFERENCES `tb_imoveis` (`id_imovel`)
    ON DELETE NO ACTION
    ON UPDATE NO ACTION)
ENGINE = InnoDB;

CREATE INDEX `fk_tb_endereco_imoveis_tb_imoveis1_idx` ON `tb_endereco_imoveis` (`tb_imoveis_id_imovel` ASC);


-- -----------------------------------------------------
-- Table `tb_proprietario`
-- -----------------------------------------------------
DROP TABLE IF EXISTS `tb_proprietario` ;

CREATE TABLE IF NOT EXISTS `tb_proprietario` (
  `id_proprietario` INT NOT NULL AUTO_INCREMENT,
  `nome` VARCHAR(45) NOT NULL,
  `telefone` INT(11) NOT NULL,
  `tb_imoveis_id_imovel` INT NOT NULL,
  PRIMARY KEY (`id_proprietario`),
  CONSTRAINT `fk_tb_proprietario_tb_imoveis`
    FOREIGN KEY (`tb_imoveis_id_imovel`)
    REFERENCES `tb_imoveis` (`id_imovel`)
    ON DELETE NO ACTION
    ON UPDATE NO ACTION)
ENGINE = InnoDB;

CREATE INDEX `fk_tb_proprietario_tb_imoveis_idx` ON `tb_proprietario` (`tb_imoveis_id_imovel` ASC);


-- -----------------------------------------------------
-- Table `tb_cliente`
-- -----------------------------------------------------
DROP TABLE IF EXISTS `tb_cliente` ;

CREATE TABLE IF NOT EXISTS `tb_cliente` (
  `id_cliente` INT NOT NULL AUTO_INCREMENT,
  `nome` VARCHAR(45) NOT NULL,
  `e_mail` VARCHAR(45) NOT NULL,
  `telefone` INT(11) NULL,
  `senha` VARCHAR(45) NOT NULL,
  PRIMARY KEY (`id_cliente`))
ENGINE = InnoDB;


-- -----------------------------------------------------
-- Table `tb_divisao_espaco`
-- -----------------------------------------------------
DROP TABLE IF EXISTS `tb_divisao_espaco` ;

CREATE TABLE IF NOT EXISTS `tb_divisao_espaco` (
  `id_divisao_espaco` INT NOT NULL,
  `quant_quarto` INT(10) NOT NULL,
  `quant_banheiro` INT(10) NOT NULL,
  `quant_cozinha` INT(10) NOT NULL,
  `garagem` TINYINT NOT NULL,
  `suite` TINYINT NULL,
  `varanda` TINYINT NULL,
  `churasqueira` TINYINT NULL,
  `piscina` TINYINT NULL,
  `quintal` TINYINT NULL,
  `tb_imoveis_id_imovel` INT NOT NULL,
  PRIMARY KEY (`id_divisao_espaco`),
  CONSTRAINT `fk_tb_divisao_espaco_tb_imoveis1`
    FOREIGN KEY (`tb_imoveis_id_imovel`)
    REFERENCES `tb_imoveis` (`id_imovel`)
    ON DELETE NO ACTION
    ON UPDATE NO ACTION)
ENGINE = InnoDB;

CREATE INDEX `fk_tb_divisao_espaco_tb_imoveis1_idx` ON `tb_divisao_espaco` (`tb_imoveis_id_imovel` ASC);


-- -----------------------------------------------------
-- Table `imagens`
-- -----------------------------------------------------
DROP TABLE IF EXISTS `imagens` ;

CREATE TABLE IF NOT EXISTS `imagens` (
  `id_imagem` INT NOT NULL AUTO_INCREMENT,
  `imagem` VARCHAR(100) NOT NULL,
  `tb_imoveis_id_imovel` INT NOT NULL,
  PRIMARY KEY (`id_imagem`),
  CONSTRAINT `fk_imagens_tb_imoveis1`
    FOREIGN KEY (`tb_imoveis_id_imovel`)
    REFERENCES `tb_imoveis` (`id_imovel`)
    ON DELETE NO ACTION
    ON UPDATE NO ACTION)
ENGINE = InnoDB;

CREATE INDEX `fk_imagens_tb_imoveis1_idx` ON `imagens` (`tb_imoveis_id_imovel` ASC);


SET SQL_MODE=@OLD_SQL_MODE;
SET FOREIGN_KEY_CHECKS=@OLD_FOREIGN_KEY_CHECKS;
SET UNIQUE_CHECKS=@OLD_UNIQUE_CHECKS;

-- -----------------------------------------------------
-- Data for table `tb_imoveis`
-- -----------------------------------------------------
START TRANSACTION;
USE `mydb`;
INSERT INTO `tb_imoveis` (`id_imovel`, `Codigo_imovel`, `valor_imovel`, `valor_venda`, `aluguel`, `venda`, `tipo_imovel`) VALUES (1, 160403, 25024.50, 25100.00, false, true, 'apartamento');
INSERT INTO `tb_imoveis` (`id_imovel`, `Codigo_imovel`, `valor_imovel`, `valor_venda`, `aluguel`, `venda`, `tipo_imovel`) VALUES (2, 160425, 22345.00, 22400.00, true, false, 'casa');
INSERT INTO `tb_imoveis` (`id_imovel`, `Codigo_imovel`, `valor_imovel`, `valor_venda`, `aluguel`, `venda`, `tipo_imovel`) VALUES (3, 160426, 56332.01, 57000.00, false, false, 'casa em codominio');
INSERT INTO `tb_imoveis` (`id_imovel`, `Codigo_imovel`, `valor_imovel`, `valor_venda`, `aluguel`, `venda`, `tipo_imovel`) VALUES (4, 160427, 100000.99, 11000.00, true, true, 'cobertura');
INSERT INTO `tb_imoveis` (`id_imovel`, `Codigo_imovel`, `valor_imovel`, `valor_venda`, `aluguel`, `venda`, `tipo_imovel`) VALUES (5, 160428, 59123.09, 60000.00, true, true, 'kitnet');
INSERT INTO `tb_imoveis` (`id_imovel`, `Codigo_imovel`, `valor_imovel`, `valor_venda`, `aluguel`, `venda`, `tipo_imovel`) VALUES (6, 160430, 100000.00, 100441.00, true, true, 'sobrado');

COMMIT;


-- -----------------------------------------------------
-- Data for table `tb_endereco_imoveis`
-- -----------------------------------------------------
START TRANSACTION;
USE `mydb`;
INSERT INTO `tb_endereco_imoveis` (`id_endereco_imoveis`, `cidade`, `bairro`, `rua`, `numero`, `complemento`, `tb_imoveis_id_imovel`) VALUES (1, 'Monte ', 'Centro', 'Lores', '1001', 'casa', 1);
INSERT INTO `tb_endereco_imoveis` (`id_endereco_imoveis`, `cidade`, `bairro`, `rua`, `numero`, `complemento`, `tb_imoveis_id_imovel`) VALUES (2, 'Monte ', 'Novo Sol', 'Londres', '2003', 'Sobradinho', 2);
INSERT INTO `tb_endereco_imoveis` (`id_endereco_imoveis`, `cidade`, `bairro`, `rua`, `numero`, `complemento`, `tb_imoveis_id_imovel`) VALUES (3, 'Monte', 'Novo Sol', 'Londres', '2006', 'Predio', 3);
INSERT INTO `tb_endereco_imoveis` (`id_endereco_imoveis`, `cidade`, `bairro`, `rua`, `numero`, `complemento`, `tb_imoveis_id_imovel`) VALUES (4, 'Monte ', 'Tamboril', 'Alves F.', '884', 'Comercio', 4);
INSERT INTO `tb_endereco_imoveis` (`id_endereco_imoveis`, `cidade`, `bairro`, `rua`, `numero`, `complemento`, `tb_imoveis_id_imovel`) VALUES (5, 'Monte', 'Tamboril', 'Nova ', '550', 'casa', 5);
INSERT INTO `tb_endereco_imoveis` (`id_endereco_imoveis`, `cidade`, `bairro`, `rua`, `numero`, `complemento`, `tb_imoveis_id_imovel`) VALUES (6, 'Monte', 'Centro', 'Lores', '1023', 'Kitnet', 6);

COMMIT;


-- -----------------------------------------------------
-- Data for table `tb_proprietario`
-- -----------------------------------------------------
START TRANSACTION;
USE `mydb`;
INSERT INTO `tb_proprietario` (`id_proprietario`, `nome`, `telefone`, `tb_imoveis_id_imovel`) VALUES (1, 'Paulo H.', 3493121212, 1);
INSERT INTO `tb_proprietario` (`id_proprietario`, `nome`, `telefone`, `tb_imoveis_id_imovel`) VALUES (2, 'Joao P.', 2193454545, 2);
INSERT INTO `tb_proprietario` (`id_proprietario`, `nome`, `telefone`, `tb_imoveis_id_imovel`) VALUES (3, 'Henrique O.', 1199112233, 3);
INSERT INTO `tb_proprietario` (`id_proprietario`, `nome`, `telefone`, `tb_imoveis_id_imovel`) VALUES (4, 'Fernado D.', 2797232323, 4);
INSERT INTO `tb_proprietario` (`id_proprietario`, `nome`, `telefone`, `tb_imoveis_id_imovel`) VALUES (5, 'Davi C.', 2399873411, 5);
INSERT INTO `tb_proprietario` (`id_proprietario`, `nome`, `telefone`, `tb_imoveis_id_imovel`) VALUES (6, 'O. Silva', 1199881212, 6);

COMMIT;


-- -----------------------------------------------------
-- Data for table `tb_cliente`
-- -----------------------------------------------------
START TRANSACTION;
USE `mydb`;
INSERT INTO `tb_cliente` (`id_cliente`, `nome`, `e_mail`, `telefone`, `senha`) VALUES (1, 'Cassio', 'cassio@email.com', 34999888777, '12345678');
INSERT INTO `tb_cliente` (`id_cliente`, `nome`, `e_mail`, `telefone`, `senha`) VALUES (2, 'Joao', 'joao@email.com', 3299775533, '12312312');
INSERT INTO `tb_cliente` (`id_cliente`, `nome`, `e_mail`, `telefone`, `senha`) VALUES (3, 'Manuel', 'manuel@email.com', 3198763254, '12121212');
INSERT INTO `tb_cliente` (`id_cliente`, `nome`, `e_mail`, `telefone`, `senha`) VALUES (4, 'Maria', 'maria@email.com', 3798127634, '11111111');
INSERT INTO `tb_cliente` (`id_cliente`, `nome`, `e_mail`, `telefone`, `senha`) VALUES (5, 'Jorge', 'jorge@email.com', 3499987231, '22222222');
INSERT INTO `tb_cliente` (`id_cliente`, `nome`, `e_mail`, `telefone`, `senha`) VALUES (6, 'Silva', 'silva@email.com', 3199887766, '33333333');

COMMIT;


-- -----------------------------------------------------
-- Data for table `tb_divisao_espaco`
-- -----------------------------------------------------
START TRANSACTION;
USE `mydb`;
INSERT INTO `tb_divisao_espaco` (`id_divisao_espaco`, `quant_quarto`, `quant_banheiro`, `quant_cozinha`, `garagem`, `suite`, `varanda`, `churasqueira`, `piscina`, `quintal`, `tb_imoveis_id_imovel`) VALUES (1, 2, 2, 1, true, true, true, true, true, true, 1);
INSERT INTO `tb_divisao_espaco` (`id_divisao_espaco`, `quant_quarto`, `quant_banheiro`, `quant_cozinha`, `garagem`, `suite`, `varanda`, `churasqueira`, `piscina`, `quintal`, `tb_imoveis_id_imovel`) VALUES (2, 3, 2, 2, true, true, true, true , false, true, 2);
INSERT INTO `tb_divisao_espaco` (`id_divisao_espaco`, `quant_quarto`, `quant_banheiro`, `quant_cozinha`, `garagem`, `suite`, `varanda`, `churasqueira`, `piscina`, `quintal`, `tb_imoveis_id_imovel`) VALUES (3, 1, 1, 1, false, false, false, false, false, false, 3);
INSERT INTO `tb_divisao_espaco` (`id_divisao_espaco`, `quant_quarto`, `quant_banheiro`, `quant_cozinha`, `garagem`, `suite`, `varanda`, `churasqueira`, `piscina`, `quintal`, `tb_imoveis_id_imovel`) VALUES (4, 3, 3, 3, true, true, true, true, true, false, 4);
INSERT INTO `tb_divisao_espaco` (`id_divisao_espaco`, `quant_quarto`, `quant_banheiro`, `quant_cozinha`, `garagem`, `suite`, `varanda`, `churasqueira`, `piscina`, `quintal`, `tb_imoveis_id_imovel`) VALUES (5, 5, 3, 2, true, true, true, true, true, false, 5);
INSERT INTO `tb_divisao_espaco` (`id_divisao_espaco`, `quant_quarto`, `quant_banheiro`, `quant_cozinha`, `garagem`, `suite`, `varanda`, `churasqueira`, `piscina`, `quintal`, `tb_imoveis_id_imovel`) VALUES (6, 3, 2, 1, true, true, true, false, false, false, 6);

COMMIT;


-- -----------------------------------------------------
-- Data for table `imagens`
-- -----------------------------------------------------
START TRANSACTION;
USE `mydb`;
INSERT INTO `imagens` (`id_imagem`, `imagem`, `tb_imoveis_id_imovel`) VALUES (1, 'nao sei', 1);
INSERT INTO `imagens` (`id_imagem`, `imagem`, `tb_imoveis_id_imovel`) VALUES (2, 'nao sei ', 2);
INSERT INTO `imagens` (`id_imagem`, `imagem`, `tb_imoveis_id_imovel`) VALUES (3, 'nao sei ', 3);
INSERT INTO `imagens` (`id_imagem`, `imagem`, `tb_imoveis_id_imovel`) VALUES (4, 'nao sei ', 4);
INSERT INTO `imagens` (`id_imagem`, `imagem`, `tb_imoveis_id_imovel`) VALUES (5, 'nao sei ', 5);
INSERT INTO `imagens` (`id_imagem`, `imagem`, `tb_imoveis_id_imovel`) VALUES (6, 'nao sei ', 6);

COMMIT;

